DeviceID,Task,CPU_Usage,Energy_Use,ResponseTime,Deadline,Label
Device_8,ControlSignal,69.93428306022466,37.92603548243223,152.38442690503462,100,anomaly
Device_10,Maintenance,90.46059712816052,36.48769937914996,108.29315215254097,150,anomaly
Device_7,ControlSignal,91.58425631014782,51.51152093729363,96.5262807032524,150,anomaly
Device_1,Maintenance,70.8512008717193,33.04873460781307,96.71351232148716,150,normal
Device_3,SensorRead,64.83924543132068,11.300796330133032,33.75410837434836,250,normal
Device_9,ControlSignal,48.754249415180546,24.80753319498364,135.7123666297637,200,normal
Device_9,Maintenance,41.83951848957578,18.815444479970626,193.28243844607772,200,normal
Device_5,ControlSignal,55.48447399026929,41.012923070318855,48.762590689327155,100,normal
Device_1,ControlSignal,49.11234550949635,41.663838845647994,62.45032112888486,150,normal
Device_8,SensorRead,67.51396036691344,30.990419651217927,105.41531251033616,250,normal
Device_7,Maintenance,47.96586775541206,67.78417276763406,119.3251387631033,100,anomaly
Device_7,SensorRead,38.84578142088199,52.338173681547836,58.957817501448886,250,normal
Device_3,Maintenance,64.1772719000951,10.604948141803366,53.59069755507848,100,normal
Device_3,ControlSignal,63.93722471738247,51.07699869993115,128.56841405949854,150,normal
Device_6,ControlSignal,57.68703435223519,35.48344456616067,46.07390048162863,200,normal
Device_10,ControlSignal,45.60311583210583,33.09041843560319,172.85611131094578,100,anomaly
Device_6,Maintenance,66.87236579136923,13.554397669558991,136.20419846973977,200,normal
Device_7,SensorRead,52.29835439167367,29.84616999541062,150.5838144420434,100,anomaly
Device_4,ControlSignal,80.61999044991902,53.96920178674298,78.03912383886808,200,normal
Device_3,ControlSignal,53.81575248297571,44.96895147105346,168.77725635611796,150,anomaly
Device_8,Maintenance,50.4165152430942,37.215115350042744,64.68325129969858,250,normal
Device_9,SensorRead,36.07586751838659,52.18788733591297,187.81200142854115,250,normal
Device_1,ControlSignal,58.55979756839332,55.052993468380365,138.0818012523817,100,anomaly
Device_2,ControlSignal,47.09760490789751,45.42093408262621,196.90182832329845,250,normal
Device_9,ControlSignal,59.283479217800966,63.46965483721009,20.0,250,normal
Device_6,Maintenance,76.43805008750448,41.30570602357257,105.04963247670662,250,normal
Device_1,ControlSignal,61.835215530710045,10.186466280986608,109.0164056081244,200,normal
Device_4,SensorRead,67.14225143023492,62.16841067112274,94.08648908631763,250,normal
Device_6,SensorRead,43.830127942136244,32.47364434623195,165.7701058851037,150,anomaly
Device_4,Maintenance,66.57502219319369,32.05359694349442,145.66337165566782,150,normal
Device_6,Maintenance,61.941550986960806,54.52967485799334,84.89734530613238,250,normal
Device_3,ControlSignal,53.44675706804463,34.118377703017636,46.82425259339408,200,normal
Device_3,ControlSignal,65.92240554129152,43.91582908269834,120.25567283212304,100,anomaly
Device_4,Maintenance,55.308257332497064,18.769438869243785,98.96773386173204,200,normal
Device_2,ControlSignal,53.14570966946461,27.965840961675717,111.93571441669954,100,anomaly
Device_2,SensorRead,68.08101713629077,68.29278851815795,128.72889064159196,200,normal
Device_2,ControlSignal,65.15100781445528,38.883311263507494,24.061439235047928,100,normal
Device_7,Maintenance,59.46972249101566,40.9034531491154,243.1621056242643,100,anomaly
Device_7,Maintenance,56.15278070437755,44.523210135004184,118.26441151473783,200,normal
Device_3,Maintenance,36.626439247609355,57.14234221772531,157.5966516343387,200,normal
Device_5,ControlSignal,75.82063894086093,26.359188178078917,190.13971554680495,100,anomaly
Device_4,ControlSignal,31.962978744154384,48.80285640700406,229.52278129049893,150,anomaly
Device_4,SensorRead,40.18927349738623,31.50553405595842,124.98256825438206,150,normal
Device_5,ControlSignal,49.93048691767601,16.74004853400801,123.42814874030137,250,normal
Device_6,Maintenance,38.7539257254779,47.10388645952772,74.02878828830984,200,normal
Device_7,ControlSignal,90.99868810035079,28.251200614956446,103.89692418971622,250,anomaly
Device_3,ControlSignal,76.27034434739339,21.53703525349067,131.37299673020647,100,anomaly
Device_4,ControlSignal,86.14285508564856,15.887751481581589,129.2316929266152,150,anomaly
Device_8,SensorRead,65.19765588496847,51.72734307665966,58.1524644560959,250,normal
Device_6,SensorRead,33.59086773831447,47.829123484253465,134.8492336616593,200,normal
Device_6,Maintenance,65.00985700691753,45.19672314245464,85.99876392107547,250,normal
Device_6,Maintenance,64.64507394322007,44.39608709948022,84.2824290986816,150,normal
Device_6,SensorRead,97.31549022289514,47.10749381367681,60.43482513986757,100,anomaly
Device_2,SensorRead,73.1310721726766,25.379774946590178,159.3542301871226,200,normal
Device_7,ControlSignal,83.17191158014808,27.689765224724344,168.16880646221608,100,anomaly
Device_1,ControlSignal,68.25561853872996,52.33090239991735,214.8396491326974,200,anomaly
Device_6,Maintenance,55.09223767994259,28.693957534637654,75.52427851872383,150,normal
Device_7,Maintenance,43.68379430069123,38.843474358788434,137.0575987408322,250,normal
Device_8,SensorRead,65.53381598660039,52.40774873554036,120.65009459389535,100,anomaly
Device_10,ControlSignal,89.07068154314634,36.03014750143066,256.00845832948096,100,anomaly
Device_6,Maintenance,72.51334695530012,27.142636653755762,66.45537509694438,200,normal
Device_8,SensorRead,69.64944830486371,36.64805822011223,155.7000247046046,150,anomaly
Device_8,ControlSignal,69.4647524914709,38.90756631014691,77.66031409657975,150,normal
Device_8,Maintenance,29.70305550628271,33.302275718994686,162.81993971617362,250,normal
Device_2,ControlSignal,64.28187488260409,21.31391831932018,128.6590462925591,100,anomaly
Device_8,ControlSignal,67.70634759457674,26.742138456983007,127.68625529727639,100,anomaly
Device_7,ControlSignal,61.16417436892,22.855445532540653,137.88936801741417,200,normal
Device_5,ControlSignal,71.21569052736469,56.245768647629156,172.69010260174514,250,normal
Device_6,ControlSignal,32.44661264085818,25.93262440127316,145.751763360433,150,normal
Device_7,SensorRead,70.27571901824417,47.72571529459072,300.0,150,anomaly
Device_3,ControlSignal,71.41781021386333,57.03348460270898,167.70008817466012,250,normal
Device_5,Maintenance,73.02782502611596,35.27096133039482,157.94846102466337,250,normal
Device_2,Maintenance,44.54349570924856,36.44772089889987,95.73182260854483,100,normal
Device_7,ControlSignal,61.63748278772645,74.71987850010262,26.636740370412596,200,anomaly
Device_8,ControlSignal,73.72520380749027,15.809261932155223,96.40340671052833,100,normal
Device_9,ControlSignal,81.77901193934733,40.96420028643194,66.1127611035347,100,normal
Device_6,ControlSignal,45.693925814800636,50.19396623402014,83.48166841414317,250,normal
Device_10,SensorRead,64.3291717916395,40.68357759855721,87.41998261970915,200,normal
Device_1,Maintenance,100.0,49.50878533477017,20.0,250,anomaly
Device_8,ControlSignal,63.729086295388555,30.073203028474182,162.6216667398112,250,normal
Device_1,Maintenance,44.14958523134599,38.278953377996515,145.24936394902286,150,normal
Device_1,SensorRead,77.31510388340243,21.995553894163358,103.27493820795257,200,normal
Device_5,Maintenance,50.50109377678088,30.200061511394324,208.27271201405483,100,anomaly
Device_7,Maintenance,68.09963421921911,21.086740684974323,165.8930973527388,150,anomaly
Device_5,ControlSignal,100.0,55.486978908267204,44.03150170229932,100,anomaly
Device_6,ControlSignal,50.31531854267497,59.00366723779934,84.61652671906097,200,normal
Device_5,SensorRead,68.87638856292457,51.61951080144005,73.65347642109586,150,normal
Device_5,ControlSignal,58.809492878764,5.0,68.7806179332855,100,normal
Device_3,Maintenance,54.948636972136796,21.283252270527257,201.62056519658177,250,normal
Device_10,ControlSignal,31.397172440787347,33.39933269954524,126.53702886430457,100,anomaly
Device_8,SensorRead,88.82546578132231,18.46206773230841,178.15818760774798,150,anomaly
Device_2,Maintenance,60.20466122039174,25.27737023428074,143.10517371316354,100,anomaly
Device_7,SensorRead,63.981193911469404,30.99674684261808,123.49010424950094,250,normal
Device_6,ControlSignal,52.2937280627648,41.70276017876872,153.10653372605233,250,normal
Device_7,SensorRead,91.72033632290704,21.432767517597263,226.65166873281333,250,anomaly
Device_5,SensorRead,20.958244009549965,37.72322357446625,149.41586032422882,100,anomaly
Device_6,Maintenance,65.61983735470065,30.659507202691096,109.59388748213624,250,normal
Device_5,ControlSignal,50.139981306823344,31.15952864583683,162.48010485105124,250,normal
Device_10,SensorRead,67.14030971930094,29.606356071090186,164.97999377166252,250,normal
Device_5,SensorRead,66.14599041753219,52.1929317825844,151.48144209618061,150,anomaly
Device_1,ControlSignal,43.420099781558555,31.597284397045456,157.3646802561631,100,anomaly
Device_3,ControlSignal,72.2074053086693,39.68647609053778,125.8663691654391,200,normal
Device_8,Maintenance,85.5532979157685,31.12642916746255,147.3548690585019,250,anomaly
Device_9,Maintenance,55.95614695132212,36.73478195159169,174.9388425993595,100,anomaly
Device_9,SensorRead,76.5083269797606,52.20264454000958,185.27394035771647,100,anomaly
Device_10,Maintenance,60.420076832655184,50.22929456942446,104.4866621703272,100,anomaly
Device_5,SensorRead,66.48332704976885,38.047854184484734,124.84979824963591,200,normal
Device_5,Maintenance,71.90314050873828,27.72668975149791,224.619363784273,100,anomaly
Device_4,SensorRead,39.87965237000596,21.78717080818402,177.9055436750034,100,anomaly
Device_2,ControlSignal,75.83325387925872,49.36179725578233,151.417275463214,150,anomaly
Device_5,SensorRead,59.75506454306171,26.541184427712526,123.79022790968632,250,normal
Device_3,SensorRead,46.456765769757766,54.62679600126627,112.64713092489306,100,anomaly
Device_2,ControlSignal,43.49005606414977,35.1792123752051,140.6465727137812,150,normal
Device_10,Maintenance,48.7255089439205,27.666694066503528,132.18436057459562,150,normal
Device_5,Maintenance,64.89933142217446,32.39585236943305,96.44808471908387,100,normal
Device_1,ControlSignal,64.64099874715272,18.27873487754014,49.62681128117224,250,normal
Device_6,ControlSignal,45.63111557495128,36.798292724322295,135.54537827990023,100,anomaly
Device_5,Maintenance,89.50712433899105,52.86489434803029,112.00307350182864,150,anomaly
Device_2,Maintenance,59.619675841946226,24.962059530432867,119.0743432003805,100,anomaly
Device_5,Maintenance,54.22682722159723,44.84077840507134,78.63845282238385,250,normal
Device_3,ControlSignal,70.38693028482345,62.99108369503867,114.56199257715713,100,anomaly
Device_4,SensorRead,68.03423444197882,50.352159875666686,99.93897640570819,100,normal
Device_2,SensorRead,64.48184963620834,40.18888601172692,124.88380492744159,200,normal
Device_5,Maintenance,44.539804322890674,40.36765261388414,144.8999145622725,200,normal
Device_2,Maintenance,89.02287215590084,54.3890623912781,227.65912287557782,200,anomaly
Device_1,SensorRead,44.65304874223901,53.08480955081017,129.1671002869176,150,normal
Device_9,ControlSignal,100.0,27.87552571967273,78.0139078909612,250,anomaly
Device_10,Maintenance,48.01214709111956,8.141564135352898,93.71224891596195,250,normal
Device_7,SensorRead,44.81734676892604,42.25590679714311,137.08779878885798,150,normal
Device_5,Maintenance,97.52341678431773,54.256357572790755,91.15481721687985,250,anomaly
Device_4,ControlSignal,42.03170657303284,47.37878757259759,53.988339648967894,200,normal
Device_7,SensorRead,96.62917531708707,57.69160181081931,96.54121739476476,150,anomaly
Device_3,SensorRead,25.73730941818245,60.30808561248119,114.27300773736911,250,normal
Device_8,ControlSignal,84.75632623946923,16.083585118084493,90.03124885231136,100,normal
Device_8,ControlSignal,60.104873994363665,40.70470890647113,97.49672642603781,100,normal
Device_6,ControlSignal,72.45699864694997,23.985693559261083,112.88102574893533,150,normal
Device_6,SensorRead,62.40591263423798,47.71658251088124,155.5807439044445,200,normal
Device_1,ControlSignal,37.507158163242615,16.988287438965667,183.88384109492546,200,normal
Device_3,Maintenance,66.64628023959183,28.772701951651698,197.55759877612616,250,normal
Device_4,Maintenance,62.31349268585717,57.689457760957396,123.37592407050545,100,anomaly
Device_3,Maintenance,100.0,66.33011263664807,107.55179257604632,250,anomaly
Device_7,SensorRead,79.43141901908712,49.680639243777215,188.43157787661744,150,anomaly
Device_4,SensorRead,40.70153078839791,50.29077189997659,172.92122434247938,150,anomaly
Device_1,ControlSignal,24.825210271537713,22.251122310013372,20.0,150,normal
Device_3,SensorRead,54.61186331110885,50.76313383693943,195.11785260480139,200,normal
Device_1,Maintenance,61.481895608395504,64.42923318356938,50.99492708925543,150,normal
Device_9,SensorRead,25.932351212896904,39.16678451655072,139.20327244696537,150,normal
Device_10,SensorRead,59.34610503811814,8.988368499401851,115.54399802436058,100,anomaly
Device_5,SensorRead,33.91060998990294,50.04508823245058,138.32991230484242,150,normal
Device_6,ControlSignal,41.2024042734529,32.2919962399496,67.03932390555242,250,normal
Device_6,ControlSignal,58.74641805453656,54.327134807518576,70.71369768322282,250,normal
Device_1,ControlSignal,70.08093031035689,32.04613572441339,80.35635838688279,100,normal
Device_1,ControlSignal,57.85939280090884,24.47136516370939,92.3175347326409,250,normal
Device_4,SensorRead,36.04244214822303,69.47087699374583,121.76317759858642,150,normal
Device_8,ControlSignal,46.005489840148286,43.20969866101333,114.3835975154585,250,normal
Device_8,SensorRead,55.58060800933554,49.21250050065138,157.87538550236525,200,normal
Device_5,SensorRead,49.38997704778945,31.362726390329797,106.2474151424178,100,anomaly
Device_4,ControlSignal,13.961576705288302,17.272134067021717,188.34371337222623,200,normal
Device_6,ControlSignal,92.89935427002567,36.264459406654325,148.8278481527883,150,anomaly
Device_7,Maintenance,66.22500309087073,86.18321212682856,175.97874557172884,150,anomaly
Device_4,ControlSignal,57.44164817038467,25.666893390993614,39.67768398712137,150,normal
Device_7,ControlSignal,64.06927271734446,28.65473882073545,48.88731452011629,100,normal
Device_3,SensorRead,47.06854231514947,23.776779945784074,204.35708175362822,150,anomaly
Device_7,SensorRead,77.63279513898901,39.88041038025074,193.99720694450127,100,anomaly
Device_3,SensorRead,61.547366152952364,27.080736980076047,196.15620386348286,100,anomaly
Device_9,ControlSignal,70.77820087369318,24.441307685103155,110.4830660958196,200,normal
Device_1,Maintenance,42.48763493230486,19.25800403553496,166.30887737658207,150,anomaly
Device_10,Maintenance,98.18833280940261,19.02148639271288,148.14846183452855,150,anomaly
Device_9,ControlSignal,46.98714861756346,32.69311924352956,90.38030378805654,150,normal
Device_2,SensorRead,42.72018460640368,40.72782441917241,78.45249417944811,250,normal
Device_6,Maintenance,65.40913651559677,39.246428358262946,108.05259765667951,100,anomaly
Device_8,Maintenance,41.848726759168045,31.34843004147501,157.7695612912878,100,anomaly
Device_7,ControlSignal,70.01834375248761,25.336671328021737,124.9666152714613,100,anomaly
Device_8,ControlSignal,75.02774246743579,14.958920783179423,147.16800961899676,150,normal
Device_3,SensorRead,46.74752482108307,48.55898002889739,81.83704217287416,200,normal
Device_4,Maintenance,23.902357986709617,15.586863431752562,122.4042473330691,150,normal
Device_6,ControlSignal,65.19445003442964,26.435250623433873,151.9296229388687,150,anomaly
Device_8,SensorRead,26.7695987546208,39.00880302029025,59.449190011877164,150,normal
Device_4,SensorRead,46.96327784395682,40.71098006974621,76.97933173580239,200,normal
Device_2,Maintenance,52.308889115403495,55.094392138216605,91.15540652384256,200,normal
Device_9,Maintenance,76.71384224130284,23.05439718013573,146.49020889576414,100,anomaly
Device_6,Maintenance,88.83137241315801,5.0,80.15523722647616,250,anomaly
Device_9,ControlSignal,71.5414425436108,36.95431920935511,138.55729366856545,100,anomaly
Device_6,ControlSignal,47.92029626568359,41.2988468120935,112.21613823039603,200,normal
Device_5,ControlSignal,83.35564123319614,43.816312649518196,136.8801331037601,100,anomaly
Device_5,ControlSignal,51.76246067755065,32.6859066389126,98.37209060901895,200,normal
Device_8,ControlSignal,67.88904284756593,33.68523278769605,134.48874284482065,200,normal
Device_9,ControlSignal,100.0,53.06687055147539,103.69882339160795,100,anomaly
Device_9,SensorRead,84.02427844327889,33.87886940467673,20.0,100,normal
Device_8,SensorRead,39.83827378165192,11.938121184612164,102.42432579793457,150,normal
Device_5,ControlSignal,60.368367583791034,65.14655968412924,136.34636868820814,150,normal
Device_10,SensorRead,55.61798942382271,52.441083717752335,20.0,100,normal
Device_4,SensorRead,64.71229116217131,51.562977908304504,46.07068771100792,100,normal
Device_4,Maintenance,82.87508086413858,45.07744611241621,99.23560430495994,100,normal
Device_4,Maintenance,72.6556373221257,74.06039286706593,129.09331275292476,200,anomaly
Device_8,SensorRead,64.96441172600672,33.109586506896335,77.50778152676041,250,normal
Device_1,ControlSignal,76.60671633088491,27.15874261136699,123.57831186096962,250,normal
Device_9,SensorRead,50.44685106469767,47.18469738619588,136.6831052643474,200,normal
Device_7,Maintenance,80.75079888515799,32.349754017178796,106.50625323533144,200,normal
Device_2,ControlSignal,40.42472568435385,33.33560109885833,138.8650246522426,150,normal
Device_3,SensorRead,75.13977233290704,26.167520137335618,163.480296005283,100,anomaly
Device_7,SensorRead,87.11275717609902,46.20152354835551,213.8397906279033,200,anomaly
Device_10,ControlSignal,44.52421601792854,21.330179450328746,31.063987554786067,200,normal
Device_4,Maintenance,89.92088622978366,49.81548484531086,117.22076645447724,250,anomaly
Device_8,ControlSignal,65.59937252639641,23.117664290524353,242.28759898084132,150,anomaly
Device_3,Maintenance,62.58442363950455,41.64092191907339,156.28833119493459,100,anomaly
Device_1,SensorRead,69.62018463473427,43.35826036418697,80.47627722773441,200,normal
Device_6,ControlSignal,69.42936714271991,68.2303674471255,187.2710023077489,100,anomaly
Device_5,SensorRead,91.86373253278794,32.33176485353222,70.51975898707096,250,anomaly
Device_4,Maintenance,57.48426159800704,40.835873684330416,174.70957592354742,250,normal
Device_2,Maintenance,26.150707405703614,62.943254791909204,112.09960507105053,150,normal
Device_9,SensorRead,51.4623786010516,24.81843437109749,37.257166406711534,200,normal
Device_5,Maintenance,76.46341167923829,41.09976950782606,55.501955012947306,200,normal
Device_8,ControlSignal,34.09842455872768,34.96322951064808,203.45107626446963,200,anomaly
Device_8,ControlSignal,54.8081729727279,17.45285570322841,107.71284679570279,150,normal
Device_9,SensorRead,54.54552860504659,5.0,117.28525667410939,200,normal
Device_3,ControlSignal,55.38130939582644,50.44309547220128,212.44780474726724,150,anomaly
Device_5,Maintenance,82.53130059095514,35.96666964167754,64.67370456291648,100,normal
Device_5,Maintenance,100.0,40.888276510217324,120.69646459564731,100,anomaly
Device_5,Maintenance,59.517498257799936,42.971271411517826,112.78197940380288,100,anomaly
Device_1,Maintenance,48.526759862395274,31.79711588139412,118.36233648920008,250,normal
Device_1,Maintenance,49.131504577324705,29.307313259842534,125.32151138459484,250,normal
Device_6,SensorRead,54.900455651582895,62.559894828740326,20.0,200,normal
Device_1,SensorRead,81.83013703844924,58.69127788746444,20.0,250,normal
Device_2,Maintenance,53.146248118393025,34.428387010063126,49.62441526410893,250,normal
Device_9,Maintenance,44.443666248182495,23.341362318012568,207.61352217118113,200,anomaly
Device_4,ControlSignal,78.71356786294922,59.07332642491238,156.08360320216175,150,anomaly
Device_4,ControlSignal,37.418964575655416,32.132196005803394,144.4687280613959,200,normal
Device_5,Maintenance,35.55744382216109,50.69497645258582,107.98373009209325,100,anomaly
Device_10,ControlSignal,52.50358384900805,50.664399523052374,142.213165574302,100,anomaly
Device_1,Maintenance,52.7806766836184,57.38994705046372,65.94683362000514,150,normal
Device_6,Maintenance,72.31871213888527,48.89651886952576,104.52267803430048,250,normal
Device_6,SensorRead,66.52266044484236,21.233296354220457,166.20135096034505,200,normal
Device_10,SensorRead,56.30195727114022,32.15915469221441,172.45046129184448,150,anomaly
Device_1,Maintenance,45.91312618914482,18.873080554546604,42.16854132380482,100,normal
Device_8,ControlSignal,72.12019902691279,20.793559712555755,207.73970909921823,250,normal
Device_1,Maintenance,18.36141184232556,65.44684552435058,130.5508733601309,200,normal
Device_1,Maintenance,58.06573776259215,31.826213697865754,139.95680571760354,200,normal
Device_2,Maintenance,59.24730595150303,56.54952823024782,125.71138243310199,100,anomaly
Device_7,Maintenance,63.006035229237554,34.54581681679216,117.15271881394662,150,normal
Device_6,Maintenance,66.15603537784118,14.347474110150618,52.590728894714346,200,normal
Device_1,SensorRead,74.8652818804543,42.562981571919124,110.80083318236605,100,anomaly
Device_5,Maintenance,60.36867866130786,45.21372558042506,93.01201598453193,200,normal
Device_5,ControlSignal,44.433905491953745,42.93767882646522,71.0813611192484,150,normal
Device_1,SensorRead,68.16505511428943,14.461245936432395,171.45778186628218,250,normal
Device_5,SensorRead,69.45194964826086,43.840446014708135,169.1345491972757,250,normal
Device_3,SensorRead,93.30948888925153,55.21555097527195,27.95628843341774,100,anomaly
Device_5,SensorRead,34.40846066528597,30.627721334564818,121.30455251054168,100,anomaly
Device_1,Maintenance,70.35318040938246,29.113842802698016,129.33833822385392,150,normal
Device_2,ControlSignal,44.89234135293355,30.827232955120778,49.666945157588884,150,normal
Device_4,ControlSignal,41.535335077781916,19.724730915754996,71.20633735113336,250,normal
Device_8,ControlSignal,81.07283593215679,25.759016667520854,251.61910324186954,250,anomaly
Device_5,Maintenance,69.86635801761778,42.77254185542311,77.08211099093933,150,normal
Device_1,ControlSignal,74.00619758817983,31.36543260643339,126.10049073226807,150,normal
Device_7,ControlSignal,100.0,38.559101504130254,177.46366631428378,200,anomaly
Device_3,SensorRead,45.93647149748225,39.47517264254557,208.5400317817755,150,anomaly
Device_6,ControlSignal,47.46065884424465,67.18672836995393,155.38759677277378,200,normal
Device_1,SensorRead,48.750664482114644,49.48611608583281,168.6277224813365,200,normal
Device_9,SensorRead,72.43619924434392,16.446629201643155,83.64314120875656,200,normal
Device_9,ControlSignal,55.0496272889699,38.88349856349931,151.0336048775339,250,normal
Device_5,Maintenance,63.55402001866508,19.969834619348482,139.00989255029816,100,anomaly
Device_5,ControlSignal,72.21171490567646,48.396856718965594,174.0390362777311,150,anomaly
Device_9,SensorRead,76.67844309097808,46.88770118842655,116.49171442706765,250,normal
Device_7,Maintenance,26.780781329680174,46.44427328698879,130.38438435815556,200,normal
Device_6,ControlSignal,65.43157674390747,20.84877136269536,65.94717297958688,250,normal
Device_8,SensorRead,81.06305706665808,39.406672692150174,154.07503486863123,100,anomaly
Device_4,ControlSignal,60.56636752260923,40.446342092436176,166.9141902987999,100,anomaly
Device_1,Maintenance,49.679105435652524,41.44181165411475,96.88623556474788,100,normal
Device_1,SensorRead,51.31007545135369,35.36241814797041,131.10668858168563,100,anomaly
Device_7,Maintenance,50.42502756673045,58.83634188360281,75.26963488902481,250,normal
Device_7,Maintenance,56.26256711677282,33.40403412588738,192.34889421768665,100,anomaly
Device_5,Maintenance,63.931095530231495,55.477668092029525,45.7219813481514,150,normal
Device_2,ControlSignal,65.34100531738518,53.34446193435156,124.11419946377121,150,normal
Device_6,SensorRead,81.30960750130703,32.24067324849442,190.467372009279,200,normal
Device_10,SensorRead,100.0,34.55742159340512,97.7248739299614,200,anomaly
Device_5,ControlSignal,89.06768954235402,63.693582185960686,93.85699864233658,200,anomaly
Device_5,SensorRead,51.596263658082854,35.773230867092394,52.77747444828614,200,normal
Device_6,ControlSignal,41.626961070316035,24.937888498718983,81.61012174479359,200,normal
Device_1,Maintenance,59.30630225226437,43.51322098804781,197.52502464070386,100,anomaly
Device_9,SensorRead,40.03291918522418,54.764835977148756,109.30055778872455,200,normal
Device_10,Maintenance,59.01072580695134,50.122292382499054,63.86389892188507,150,normal
Device_5,SensorRead,67.64819492368102,42.49678312319584,144.62256320040746,100,anomaly
Device_9,SensorRead,65.78337287815636,76.82950209866341,88.1130007874342,150,anomaly
Device_4,SensorRead,49.380060899963645,30.652892103628535,92.22614404198727,100,normal
Device_4,SensorRead,47.252257453869646,57.83524796661328,191.02521239949274,150,anomaly
Device_1,SensorRead,48.58507412501048,27.51466640343657,143.5707778193202,200,normal
Device_5,Maintenance,48.95553911438057,49.493977266332664,130.14615104256498,100,anomaly
Device_5,SensorRead,29.68511770005536,63.212578019950925,209.7938836547761,150,anomaly
Device_2,SensorRead,47.744226190312276,34.18447660096024,134.29326953624525,200,normal
Device_5,ControlSignal,66.6891357997405,49.878164090092454,220.5102269383175,150,anomaly
Device_9,ControlSignal,56.46105545011901,28.025541331923193,51.03403859927364,100,normal
Device_1,Maintenance,45.38139920116162,39.503095406893046,209.7278931758894,250,normal
Device_3,SensorRead,49.64777401927657,43.35681927458348,119.17885519636239,200,normal
Device_1,ControlSignal,83.76786546896167,77.90398638810433,93.45656135398397,200,anomaly
Device_4,SensorRead,50.21121114963556,55.66241315603608,154.09457448131556,200,normal
Device_5,Maintenance,96.93414651472068,48.75892277988946,102.03539546064702,200,anomaly
Device_1,ControlSignal,71.81309661384618,56.63055370874362,161.0241090598682,150,anomaly
Device_6,Maintenance,70.14548062214595,56.00012034383731,178.46477952228364,150,anomaly
Device_7,SensorRead,87.64317982075055,49.73064831384464,111.64409598415727,250,anomaly
Device_7,Maintenance,62.934273728666454,58.09763449762535,79.1532164506382,200,normal
Device_1,Maintenance,67.37346617745803,34.09991781508959,121.43724114674087,150,normal
Device_6,ControlSignal,85.56903725214598,42.86648602029855,122.32182740780745,200,anomaly
Device_7,SensorRead,32.802877180401616,51.193803490408314,152.27420905705378,150,anomaly
Device_1,SensorRead,100.0,35.38332647570499,130.95751638319695,100,anomaly
Device_3,ControlSignal,64.9876736742151,63.661799196452115,115.2352233806524,250,normal
Device_4,SensorRead,65.58043051540679,49.11844764574809,129.3304561578179,250,normal
Device_5,Maintenance,51.071327708989436,42.911349893474615,173.6815874929886,250,normal
Device_1,ControlSignal,39.4696940117788,41.99454511220314,84.99395925304134,250,normal
Device_9,Maintenance,83.90093257849685,17.15219642824338,92.05390763642058,150,normal
Device_2,ControlSignal,67.54423750129041,63.482860438515104,116.71248694635061,250,normal
Device_7,ControlSignal,48.896009466136036,68.21735604160885,47.59930497918781,150,normal
Device_7,Maintenance,16.023880867598365,46.60021675079999,94.89728878236944,100,normal
Device_8,SensorRead,39.57534365738574,50.6253467094903,132.19003568855993,150,normal
Device_1,SensorRead,48.71842738526543,20.795434019936582,163.62286641400723,250,normal
Device_4,Maintenance,73.00402355917322,38.51236204330926,212.3318498023833,100,anomaly
Device_3,ControlSignal,38.598304673476946,17.117122436128916,85.40459650593777,100,normal
Device_6,SensorRead,59.088279672890046,43.65009173984038,107.93819710718351,100,anomaly
Device_7,Maintenance,67.04110793028593,21.22690863714334,192.18823020366295,100,anomaly
Device_8,ControlSignal,58.35697643214863,56.75943747382192,137.13626731888522,200,normal
Device_6,ControlSignal,69.13506438307567,48.546509203483055,142.38542800086574,200,normal
Device_9,SensorRead,72.85445519735087,59.93728795198647,129.8260584850735,100,anomaly
Device_2,Maintenance,74.18007515177024,38.6539645856916,192.00586077247362,250,normal
Device_4,Maintenance,46.4721539588146,67.01410649366224,117.99210246778283,100,anomaly
Device_9,ControlSignal,31.384497957639038,41.92156622366184,85.94741712625596,250,normal
Device_8,Maintenance,76.81287097977449,30.210640310464136,97.69082833926102,100,normal
Device_5,Maintenance,22.209185381089384,33.21540521126385,20.0,250,normal
Device_10,Maintenance,28.321943530285534,51.40621984216446,159.2900079325416,100,anomaly
Device_5,SensorRead,68.50915123569929,25.495357853061805,117.614432192901,150,normal
Device_1,ControlSignal,59.92794921818863,22.624529662111858,195.16991508835753,100,anomaly
Device_8,SensorRead,77.54724581151342,36.68553739255504,121.34429194972654,150,normal
Device_7,ControlSignal,64.16765615895105,9.373976973635642,107.64113087397016,200,normal
Device_4,ControlSignal,46.36031504004403,24.975699851576266,105.94498535570226,200,normal
Device_2,SensorRead,95.95373053699045,49.61264291900515,91.44105051086015,200,anomaly
Device_2,ControlSignal,71.45165562712317,60.99033154879003,166.23168414563844,100,anomaly
Device_2,Maintenance,61.19260739840348,30.29594833441639,154.9111656806795,150,anomaly
Device_10,SensorRead,67.86970770843499,53.42789830041598,151.75859008409847,150,anomaly
Device_7,SensorRead,80.9910543063867,31.971471826591483,185.86970328171628,100,anomaly
Device_1,ControlSignal,63.95199209384799,71.12891308937898,85.5406090955216,150,anomaly
Device_2,SensorRead,94.71927606330499,42.96866175193972,87.42909981927758,200,anomaly
Device_8,Maintenance,50.32228331891357,35.1947903770852,141.20829732009582,250,normal
Device_3,Maintenance,70.45670976071,31.394499940921314,118.78227038695086,200,normal
Device_3,ControlSignal,100.0,65.91314755151066,141.8161834837016,100,anomaly
Device_10,Maintenance,60.760069563364006,41.80046990077392,150.67589863652083,200,normal
Device_6,SensorRead,39.54414869603189,36.139351938649824,36.57079630612053,150,normal
Device_2,Maintenance,67.98446245210559,49.707939095541114,95.8406768850313,200,normal
Device_2,Maintenance,91.47973526580066,21.613515054964882,46.78125598950899,150,anomaly
Device_8,Maintenance,64.48903637119945,55.70647453918232,204.19638457289344,150,anomaly
Device_10,SensorRead,50.8223147426212,56.180212501469434,118.07457652496464,200,normal
Device_9,SensorRead,56.54745400118361,53.25489906230008,152.616143920671,150,anomaly
Device_9,Maintenance,28.47215686031501,62.14810524588844,189.0045677073726,200,normal
Device_7,ControlSignal,47.488745969809415,45.93705300156114,144.70150931413696,200,normal
Device_2,Maintenance,65.21347531647814,31.745422692318698,86.41883160309743,250,normal
Device_1,SensorRead,59.488918580171095,57.59093528889047,147.1800077297216,100,anomaly
Device_10,ControlSignal,52.58771335827788,51.57548065972517,20.0,150,normal
Device_2,ControlSignal,82.97531400744207,13.904293318328506,101.87795292984339,250,normal
Device_3,SensorRead,37.60660210747712,20.579777864186415,178.04133936892597,200,normal
Device_2,ControlSignal,50.64597597376218,45.197558225960734,117.6539710560408,200,normal
Device_7,SensorRead,69.54081654446243,41.15232836590383,55.850388790571515,200,normal
Device_10,SensorRead,79.9253363889428,32.593651252580315,42.17090506701244,100,normal
Device_9,Maintenance,51.43769678068175,62.51139685951466,162.51108710567465,150,anomaly
Device_5,Maintenance,53.026957311842814,34.76113443522357,103.91824743913087,200,normal
Device_7,ControlSignal,100.0,45.7290317834733,141.50208235955347,200,anomaly
Device_9,Maintenance,80.60566908063684,43.581837385397705,107.04789270896484,150,normal
Device_1,SensorRead,56.07300301830043,38.92598110878904,118.13888817450793,150,normal
Device_7,ControlSignal,74.5525908727396,40.77918828710949,156.63200386077895,200,normal
Device_4,ControlSignal,58.385668397828354,41.17952785474136,20.089965773394624,200,normal
Device_2,SensorRead,78.32655349404963,45.19732713846989,169.9005054929826,200,normal
Device_10,SensorRead,10.0,71.32562057171091,113.02051859224132,250,anomaly
Device_1,ControlSignal,82.16365633475033,24.401411093117037,150.63869525312847,100,anomaly
Device_8,Maintenance,38.93168873652688,30.643465589562922,215.7015676933393,200,anomaly
Device_3,SensorRead,56.186351984733065,43.26149309769584,163.5033865344377,200,normal
Device_6,SensorRead,69.91363775945209,42.256283577153646,138.24805012331126,250,normal
Device_10,Maintenance,100.0,39.13571804449622,130.05495233574837,150,anomaly
Device_7,ControlSignal,81.01308792015224,56.58288899436975,179.351515278019,200,normal
Device_8,Maintenance,72.77460444058369,22.854926309042746,201.6715766150548,100,anomaly
Device_4,SensorRead,37.07309213962624,44.5395319785855,82.2862074990321,200,normal
Device_2,SensorRead,58.717233068140146,44.93143615455221,136.06786077251365,100,anomaly
Device_5,ControlSignal,68.4384150847057,64.20566903587971,142.67671507569898,250,normal
Device_10,Maintenance,55.116867294187024,54.46130752432536,179.47352444623203,250,normal
Device_9,Maintenance,35.447843697260154,48.96100104774787,155.0586371155449,200,normal
Device_9,SensorRead,54.048729932800164,60.635602199674295,112.49722064837367,150,normal
Device_4,Maintenance,62.51152906943084,37.40392263574196,120.77895237907337,200,normal
Device_8,SensorRead,38.074498262095965,18.399236761085586,199.72525316124862,200,normal
Device_3,ControlSignal,43.060773033633446,25.129114758155392,20.0,100,normal
Device_5,ControlSignal,47.220765046209955,20.153653098887524,202.10075800681847,250,normal
Device_9,SensorRead,80.19634178685268,29.67774482233414,232.62179026721543,150,anomaly
Device_5,Maintenance,79.63530973983188,35.12752924737066,20.0,150,normal
Device_1,ControlSignal,100.0,19.15641299854606,37.73006265215541,150,anomaly
Device_10,ControlSignal,80.45140864019281,76.59628609508908,189.2136409255259,100,anomaly
Device_4,ControlSignal,71.27818240104719,48.92131512497929,162.67077793901538,100,anomaly
Device_10,SensorRead,75.17857179573531,44.21787135954064,125.2100551975938,250,normal
Device_7,Maintenance,58.74813744200955,28.690531166999854,105.9662461566613,100,anomaly
Device_9,ControlSignal,26.14086371609229,38.52490559807875,70.57044464245413,250,normal
Device_2,ControlSignal,37.92821365568458,42.698412267302174,189.60011431722995,100,anomaly
Device_2,Maintenance,78.36633212004625,16.442490945652345,70.51859317148313,150,normal
Device_8,Maintenance,78.81542375976431,25.262689096925357,108.76834250014878,200,normal
Device_8,ControlSignal,71.00104198049104,25.47483317704547,125.268775307298,250,normal
Device_5,ControlSignal,33.31949010163591,30.979485340731795,135.98909670712686,250,normal
Device_4,SensorRead,28.140125329366615,46.607121069405984,119.01811005366594,250,normal
Device_4,SensorRead,71.04979908834295,43.358712010969924,188.2070214986922,250,normal
Device_2,ControlSignal,62.50449005295815,33.558916883121206,126.11487515161419,250,normal
Device_6,ControlSignal,70.86596058072776,40.732901054885566,122.02958456019412,100,anomaly
Device_10,Maintenance,45.96016624386489,30.05648623673578,49.86973641001532,250,normal
Device_8,SensorRead,94.99153486373879,21.342051469130723,85.35474011020463,200,anomaly
Device_9,ControlSignal,45.63185468861605,53.42386565416662,105.25251608539861,250,normal
Device_4,ControlSignal,84.95484145347467,29.897640636341972,133.9497081111901,200,normal
Device_1,SensorRead,43.293058934804854,72.17723691660083,60.62007904852436,200,anomaly
Device_8,SensorRead,66.19641420454055,49.50665321398148,140.6899548725749,100,anomaly
Device_3,ControlSignal,56.294246822445835,38.05268950399861,122.19057359895548,150,normal
Device_2,SensorRead,57.05995996743023,54.45818675192365,230.52615007956757,200,anomaly
Device_9,SensorRead,48.85016429984333,19.452955306313832,115.58589758243725,100,anomaly
Device_8,ControlSignal,100.0,27.944881480454036,201.95584027220337,100,anomaly
Device_2,Maintenance,93.55401628152882,31.69617637438008,148.44915395926375,250,anomaly
Device_3,SensorRead,92.56793246257075,34.313083885187694,109.82098199488192,250,anomaly
Device_6,SensorRead,48.366381721027125,24.778649039606996,87.53612274669965,100,normal
Device_7,Maintenance,35.52119466475487,40.51125202388839,81.50133844706791,200,normal
Device_4,SensorRead,64.67571823581495,16.66156530694559,136.54401161072286,150,normal
Device_9,Maintenance,76.6705792321785,10.093965361428168,138.70282849237861,150,normal
Device_8,Maintenance,84.55337984946584,21.855384719631918,203.62861934188516,250,normal
Device_6,SensorRead,68.38038018732091,29.424822163623865,117.2115461171147,200,normal
Device_10,SensorRead,71.16653825043444,41.14008087118617,146.93779962231847,150,normal
Device_3,ControlSignal,41.586528138412675,42.54041236054117,49.31427515475099,250,normal
Device_9,ControlSignal,57.775478773025995,26.44138537802815,83.22350287051168,200,normal
Device_5,Maintenance,84.72186350420876,56.369651808914035,150.45690604535883,200,normal
Device_4,SensorRead,38.15374470654842,35.25387325457797,180.65488499895918,250,normal
Device_9,ControlSignal,62.83433827279809,74.7899430997254,139.6658919697186,100,anomaly
Device_9,ControlSignal,63.84098232980063,35.363253036962476,126.67704523911412,200,normal
Device_4,SensorRead,56.950603272389124,50.621630150328855,167.8351158397292,150,anomaly
Device_4,Maintenance,44.28021078984101,20.031505696633328,28.189731344835167,200,normal
Device_10,ControlSignal,70.15982653825087,23.449500907391897,20.0,250,normal
Device_6,SensorRead,67.77157209061929,77.39499276149186,119.69645442300533,200,anomaly
Device_2,Maintenance,76.76981548903284,41.22744037821347,115.05551734044286,150,normal
Device_3,ControlSignal,78.38152965975537,35.64588183717023,133.36961570359514,150,normal
Device_4,Maintenance,66.43395612392027,29.97864319535427,169.60211747682615,100,anomaly
Device_8,Maintenance,56.500804866091826,28.66382260760733,146.82549217852016,250,normal
Device_6,SensorRead,42.030640364179256,40.42271736053692,119.54405016778982,150,normal
Device_7,SensorRead,81.71791131663156,47.12047349319929,118.7486520627428,150,normal
Device_1,SensorRead,76.35532598400574,60.8531132352597,147.8905153175931,200,normal
Device_5,SensorRead,60.20705239686761,20.322456514747607,66.74431684623137,150,normal
Device_3,ControlSignal,53.89550591290665,30.857316967610753,110.6514348507277,200,normal
Device_4,SensorRead,61.13299849794214,47.94539131535096,116.47506109704544,100,anomaly
Device_8,Maintenance,69.73003287652404,40.9671162221518,21.22667168230643,150,normal
Device_4,Maintenance,41.21329212362491,37.83868666417577,59.51526285794462,250,normal
Device_7,Maintenance,71.9985745999241,62.96126248515546,180.93809258486584,100,anomaly
Device_10,SensorRead,55.731142581395844,62.36089205274928,127.43337286010558,200,normal
Device_3,ControlSignal,53.25828057763921,30.798960046885902,104.87651567559358,200,normal
Device_5,SensorRead,52.236463629175425,42.55624333563232,128.02869905249324,250,normal
Device_10,Maintenance,60.06092040306829,46.55407254619525,179.53231373931706,150,anomaly
Device_3,ControlSignal,78.99108270882647,17.726530473251447,20.0,100,normal
Device_10,Maintenance,78.68639822478548,19.496819523768682,108.76172990536583,250,normal
Device_9,Maintenance,36.59773947881281,12.970293436299706,147.07313641023939,100,anomaly
Device_6,SensorRead,75.18310320605293,31.35234398909921,20.0,200,normal
Device_4,SensorRead,49.075111034950346,45.877060081038195,46.054421561293566,100,normal
Device_4,Maintenance,63.667198395583114,39.77035226240507,148.9645749800544,150,normal
Device_10,SensorRead,62.39160736828306,25.403965886776668,179.82857508322456,200,normal
Device_6,Maintenance,56.8294085394606,39.590431907351025,73.3366020463402,150,normal
Device_6,Maintenance,51.134354976169796,26.727959289596484,111.35269700382885,200,normal
Device_8,SensorRead,94.23416960284686,19.421482856029655,39.32193010616294,200,anomaly
Device_10,Maintenance,89.42340654987217,36.86014484272201,86.54636306700417,100,anomaly
Device_7,SensorRead,80.79809374792153,30.915766903947038,211.3004856773468,150,anomaly
Device_7,ControlSignal,73.55851742678539,32.68132887781446,227.86541066327516,200,anomaly
Device_10,ControlSignal,47.88570153993323,51.13143058013961,134.9646290203246,100,anomaly
Device_3,Maintenance,86.03482578797596,63.42266795090279,121.60020745328833,100,anomaly
Device_2,SensorRead,44.93164259307633,46.89958214408675,86.1142315123947,100,normal
Device_4,Maintenance,100.0,42.04802996624106,101.73392243439457,200,anomaly
Device_2,Maintenance,63.69360611729817,19.793105657054554,71.41929807446742,150,normal
Device_10,Maintenance,84.00827815888852,30.146585815429063,67.65445086590302,250,normal
Device_7,Maintenance,70.73305505054572,57.78556231994496,155.94766553325334,250,normal
Device_3,SensorRead,79.92095371611633,28.64807367145809,48.90946666290782,200,normal
Device_3,Maintenance,90.02667303910974,35.15980241736796,107.45834917724763,250,anomaly
Device_1,Maintenance,86.56388283698115,48.343450141009896,142.79438860408038,150,anomaly
Device_3,Maintenance,100.0,30.347226544297854,166.39200640406187,100,anomaly
Device_3,Maintenance,61.14026249794169,44.02888418294886,196.42342132062657,250,normal
Device_1,Maintenance,70.15671512579247,48.07444118574449,173.6253668654901,250,normal
Device_7,Maintenance,52.70094540914229,27.411854989914904,67.75954029894832,150,normal
Device_2,Maintenance,20.672868212479962,70.84310694910484,64.83958171391583,150,anomaly
Device_6,ControlSignal,55.57492752828456,35.84780050166619,135.37033489045504,200,normal
Device_9,SensorRead,76.31474425078594,52.90710232539618,90.84612807155308,250,normal
Device_1,ControlSignal,56.65756572427177,44.2386992573245,107.56544369082265,250,normal
Device_3,Maintenance,92.14691152039985,47.36462427457377,156.74388930249086,250,anomaly
Device_7,Maintenance,73.25762537334825,57.60210786227987,129.05107793518533,150,normal
Device_3,SensorRead,34.063361040883066,45.99531927628962,87.43215531040855,100,normal
Device_6,SensorRead,49.42766636500487,48.7954602813264,181.9141535716818,200,normal
Device_8,ControlSignal,60.425431534721234,44.63249518898446,205.11074723176188,150,anomaly
Device_7,Maintenance,64.81506358977137,79.02524671270592,148.2754822815772,150,anomaly
Device_4,Maintenance,24.784744816883645,51.30012431656799,139.05791924413887,250,normal
Device_7,SensorRead,85.79505508165491,50.097720269049375,113.07720080081131,100,anomaly
Device_8,SensorRead,35.51403527421269,36.86465114070962,77.47397728953499,100,normal
Device_9,SensorRead,48.389531003905546,48.82867606630914,203.4952252175703,200,anomaly
Device_6,ControlSignal,67.89343059645962,22.061754069472236,142.23013341100705,250,normal
Device_1,ControlSignal,83.93262973291303,30.853256435209268,113.29914166635412,100,anomaly
Device_10,Maintenance,60.29376389458394,28.2265253037664,152.41402169219296,250,normal
Device_5,SensorRead,57.58103702784437,46.292986658605415,75.62539110989499,100,normal
Device_7,Maintenance,51.25083399353179,50.83572036741657,101.35834239541165,150,normal
Device_7,ControlSignal,94.53927702466811,34.005457215780964,131.23423628759429,200,anomaly
Device_9,ControlSignal,78.65181663746179,18.724514006004526,31.95955940096121,200,normal
Device_2,ControlSignal,29.486873708598104,58.93876155140773,92.40709270537766,100,normal
Device_10,Maintenance,100.0,31.536286020139173,129.22756515985185,150,anomaly
Device_5,Maintenance,90.84219905135751,70.09139332238684,223.0751788318199,150,anomaly
Device_6,Maintenance,84.16732461186285,55.360937887171936,149.62634746005915,250,normal
Device_3,SensorRead,75.56722152333276,31.732214255071998,79.09005582888464,250,normal
Device_3,ControlSignal,59.93251085178096,37.447230662126074,97.33859753363625,250,normal
Device_9,ControlSignal,73.92774894913431,54.32957812855766,124.42034431459237,100,anomaly
Device_6,SensorRead,89.55060162110524,22.874663287997425,110.3170270360141,200,anomaly
Device_10,SensorRead,45.6635535879439,12.0019507439041,115.86596570786504,250,normal
Device_8,ControlSignal,57.56504983233433,62.70174614863197,151.54058422773886,200,normal
Device_1,ControlSignal,39.5162635134159,67.81138849501282,181.05168477626765,150,anomaly
Device_5,Maintenance,71.64195406937232,36.60273851725252,72.02803816382601,100,normal
Device_9,SensorRead,52.55586447857894,56.33122929556279,214.22931529673045,150,anomaly
Device_5,Maintenance,90.86487056544378,32.667258673205886,64.01912833554944,100,anomaly
Device_1,SensorRead,62.81772493822408,13.473409516557226,136.15838570923907,100,anomaly
Device_4,ControlSignal,57.04794827402662,33.00945247197637,40.264846636660224,200,normal
Device_10,SensorRead,70.27200213139433,32.009487405071326,61.5041582144856,250,normal
Device_1,Maintenance,10.0,39.58727642424046,208.6125798334872,100,anomaly
Device_3,ControlSignal,93.2251842909574,33.14355615120592,89.88939698191098,200,anomaly
Device_6,ControlSignal,69.37548512150047,25.024218412175628,135.0895949909733,250,normal
Device_6,Maintenance,75.32160556769381,58.403998358264616,114.99229617600236,100,anomaly
Device_9,SensorRead,55.926524996460685,26.830261198651584,78.65598229800699,200,normal
Device_2,ControlSignal,55.470422161969466,45.510482602242675,165.67923131166248,150,anomaly
Device_5,SensorRead,43.9364209863931,62.39032853439282,106.44381994787156,100,anomaly
Device_4,SensorRead,59.57265411303128,28.79182481278265,20.0,250,normal
Device_6,SensorRead,77.680907927221,51.0526584563865,105.93362214408933,100,anomaly
Device_4,ControlSignal,61.33981434449744,47.73908826556149,41.87270715567287,100,normal
Device_9,Maintenance,49.418946453074106,51.913970194327405,57.28552884153753,200,normal
Device_5,Maintenance,65.87115864333259,19.651272930648926,143.3214991216763,100,anomaly
Device_3,ControlSignal,59.28717035405033,15.773022761417359,178.23696772285857,200,normal
Device_6,SensorRead,45.308168464039014,27.846213444784283,130.02845986154713,250,normal
Device_3,SensorRead,82.9727469885743,24.762672715324044,123.08399249239858,200,normal
Device_5,Maintenance,68.57633000661146,50.39658410894716,128.82207776386127,100,anomaly
Device_9,SensorRead,52.65944321833355,27.586146690269203,124.30719415231874,100,anomaly
Device_2,SensorRead,38.557219760287865,5.0,141.8279902078834,200,normal
Device_9,ControlSignal,78.07869682172391,5.0,69.51346476450313,250,normal
Device_7,ControlSignal,72.38308522010395,70.86243204567548,121.03968538377039,250,anomaly
Device_6,SensorRead,45.43994117541731,37.256553383427395,188.74382095740924,200,normal
Device_6,ControlSignal,47.080716417509294,28.012119900246198,95.86282389089838,250,normal
Device_10,Maintenance,40.93342783482575,41.84005473992193,201.23392292347802,150,anomaly
Device_10,ControlSignal,66.46158546232058,36.21469746810568,105.4094365542228,150,normal
Device_8,SensorRead,28.73618382606686,53.246646657207386,116.1081401493599,200,normal
Device_10,Maintenance,56.390401728187484,87.8966135176729,134.93764541828432,100,anomaly
Device_8,ControlSignal,44.964178998096315,33.60463605691685,177.42228545983772,100,anomaly
Device_5,SensorRead,62.26540821075529,18.4258303252395,165.96144672876017,200,normal
Device_10,SensorRead,46.63711828922012,68.09946664326318,174.00240328573244,100,anomaly
Device_8,ControlSignal,51.053562086824975,59.2152454260267,123.39277552637016,100,anomaly
Device_3,SensorRead,77.05547350244439,47.27099225941712,77.68216725045633,200,normal
Device_7,SensorRead,47.12900335365076,55.44941226371742,103.26123339467296,100,anomaly
Device_1,ControlSignal,51.927030735160066,25.673161309759706,141.17995327967304,250,normal
Device_5,Maintenance,100.0,23.987006286185906,121.2109728336379,250,anomaly
Device_9,Maintenance,88.24441110830858,38.805379131314275,142.6185898124867,250,anomaly
Device_7,SensorRead,38.75212943706241,46.42460645811473,110.64278674977257,150,normal
Device_8,ControlSignal,79.71459991359725,57.81079077347127,249.4781821009307,100,anomaly
Device_9,SensorRead,71.59266346427151,44.886944748732496,129.7192150788668,150,normal
Device_9,Maintenance,52.936674143786234,45.077257651925365,105.22992949304853,200,normal
Device_6,SensorRead,63.36921952539229,59.7639630341194,69.67287173601795,100,normal
Device_7,ControlSignal,82.7975712225809,59.75672601009798,114.09657365044606,150,normal
Device_6,SensorRead,17.56290201982811,30.882670193583515,184.84972732805545,150,anomaly
Device_5,Maintenance,59.542638754022356,25.01046651557634,94.76125393858914,100,normal
Device_6,SensorRead,76.81240053009105,48.20100352302069,108.05339504151529,100,anomaly
Device_6,Maintenance,52.663511763706246,34.12362776434267,73.87949077507487,150,normal
Device_4,Maintenance,92.30751378938884,35.1651929618299,180.85792604127482,100,anomaly
Device_6,ControlSignal,90.42632103844903,54.974663472219405,98.41898436409758,250,anomaly
Device_4,ControlSignal,68.07460180673219,39.63706590413626,74.8149069634936,200,normal
Device_9,ControlSignal,66.48718563443207,22.314403132602962,179.38396942307818,200,normal
Device_2,SensorRead,50.70765405403214,43.01739483809259,134.1643935773071,250,normal
Device_3,Maintenance,54.82190052591845,48.80040702212912,96.25481716887379,200,normal
Device_3,ControlSignal,77.42594594914488,19.810304796298773,126.3189789773206,150,normal
Device_6,SensorRead,98.77857998116569,24.99503013091638,86.11275147375743,150,anomaly
Device_7,SensorRead,70.2781569931783,42.69372672909397,137.53150496367795,250,normal
Device_1,Maintenance,69.78374260295327,49.52082202842655,175.48499209781116,200,normal
Device_2,SensorRead,68.19637313857025,36.38113518072186,153.62868506013655,200,normal
Device_1,ControlSignal,97.9976386979043,38.010493804261394,71.27353476646792,100,anomaly
Device_5,Maintenance,82.14161338573945,38.19428254069603,20.0,150,normal
Device_9,Maintenance,76.94843354300843,31.97007721069116,115.47333588479196,250,normal
Device_9,ControlSignal,66.63960661138029,42.857495196685996,155.47259085695197,200,normal
Device_3,Maintenance,51.29027258860313,47.69658697264124,107.02266612080415,150,normal
Device_9,Maintenance,74.77620961775006,49.2305122601958,73.22806489777022,250,normal
Device_9,ControlSignal,81.71964232350064,31.96054832328928,160.40288991405725,150,anomaly
Device_6,ControlSignal,67.34574626802682,67.57275515192684,108.82670088140739,250,normal
Device_5,SensorRead,53.01366407763605,39.708705911684014,104.84101085828623,250,normal
Device_8,Maintenance,75.998838038841,15.755340873451182,67.3158790426823,150,normal
Device_8,SensorRead,38.64394156841614,54.25461387960364,205.53066862909628,150,anomaly
Device_7,ControlSignal,57.91101562925057,37.46767415214984,123.50260815565908,150,normal
Device_6,ControlSignal,83.23756605216381,26.089702987141386,131.91844913673927,250,normal
Device_10,SensorRead,79.5039525956486,47.51641254909768,129.47908082993717,250,normal
Device_10,Maintenance,80.02092185134282,5.0,153.89376597654538,150,anomaly
Device_3,Maintenance,46.918486337451526,12.540506547153146,145.56012997624904,150,normal
Device_5,SensorRead,87.47317090325916,37.93827228058462,167.64372736014695,100,anomaly
Device_3,Maintenance,92.24556515977291,59.72371680376071,201.99822646856964,250,anomaly
Device_1,ControlSignal,74.84254982143784,41.13150458352389,39.901709405141574,150,normal
Device_2,Maintenance,55.078750237401024,27.351301070257122,228.54713587489067,100,anomaly
Device_6,Maintenance,56.482283751353265,41.848072101767286,147.57426880202337,100,anomaly
Device_5,ControlSignal,60.87204892744907,65.4257656064613,88.8675319132774,150,normal
Device_5,ControlSignal,63.89214910474485,28.862941214529275,53.998874438964705,250,normal
Device_1,ControlSignal,47.76461818189429,39.44444804427382,98.534888774137,100,normal
Device_10,SensorRead,46.15158040252288,18.90523804492249,115.84472136856526,150,normal
Device_3,Maintenance,29.905592519379955,51.40083945534404,124.12198764672516,250,normal
Device_3,Maintenance,30.84897001070139,35.36186384425205,82.39217972047084,100,normal
Device_3,ControlSignal,66.3834902083836,60.10675669034717,26.241376517712766,150,normal
Device_5,Maintenance,62.30052158294834,37.59800806650039,153.56700382252328,150,anomaly
Device_4,Maintenance,64.26393256475379,28.720460023917713,104.04730321666909,250,normal
Device_8,ControlSignal,44.079482863930224,56.14010707897897,121.06558243359711,100,anomaly
Device_4,SensorRead,98.02381371506016,39.090087792780686,84.57966165447687,100,anomaly
Device_1,ControlSignal,29.725712147743458,12.952904856160824,40.79320284972552,200,normal
Device_4,Maintenance,65.34253302022967,47.63087534844901,40.94046489839333,150,normal
Device_4,Maintenance,77.90076628152231,32.75408422474841,127.33965059927746,200,normal
Device_4,ControlSignal,92.24441256510849,53.452589737982976,106.57346760470838,150,anomaly
Device_2,SensorRead,42.17615549169425,7.7227689800604225,84.04233403787899,250,normal
Device_7,ControlSignal,55.77739522344611,25.192307092732243,113.43715164538476,100,anomaly
Device_4,Maintenance,61.53703765917536,36.627160272878825,87.49987095882702,250,normal
Device_2,Maintenance,63.37309343933455,46.629109743541136,65.48004612785769,200,normal
Device_2,Maintenance,88.2186475949254,38.521178015736076,120.94248114724239,200,anomaly
Device_1,ControlSignal,74.16428846513114,43.49824196895253,167.65683169566225,200,normal
Device_8,ControlSignal,65.74248330403648,30.813439380393433,138.07517626030508,100,anomaly
Device_4,Maintenance,37.125475853586764,41.62839558664785,118.33850046777695,100,anomaly
Device_6,ControlSignal,55.83766285454921,38.07193732841604,25.90754772511805,100,normal
Device_10,Maintenance,49.02550184518077,41.39267351711672,127.99281959987002,200,normal
Device_7,ControlSignal,39.44649718148084,58.985617612970515,76.69125758927495,100,normal
Device_5,Maintenance,79.38914401053474,46.40791542807527,87.68863450780984,200,normal
Device_9,ControlSignal,95.50621785219025,22.095447523652798,165.95770868050008,250,anomaly
Device_1,SensorRead,80.01164636085957,29.940696863850327,189.62326500321643,200,normal
Device_2,Maintenance,54.99906970802095,44.33040443919786,133.01609193856103,100,anomaly
Device_6,SensorRead,57.31382517058904,52.16212409739673,159.67443602761065,100,anomaly
Device_9,SensorRead,25.029360535236385,59.56510364317229,36.87540059821629,150,normal
Device_9,Maintenance,80.65092408683314,56.90057705241375,65.4516784892401,100,normal
Device_1,Maintenance,51.7837142409083,23.414429972710963,109.25394848556323,250,normal
Device_10,SensorRead,53.839314316285176,51.6949079840401,185.5154373059804,250,normal
Device_9,ControlSignal,87.91367621579911,31.567479601325466,109.5389063127736,150,anomaly
Device_1,ControlSignal,26.331236155580996,27.91194900255717,168.24258165487288,150,anomaly
Device_9,SensorRead,92.31165647096464,21.48476692180117,90.37678704235529,100,anomaly
Device_3,Maintenance,59.47188486082146,44.2024173822941,79.51982400391769,200,normal
Device_1,ControlSignal,68.48122088928179,32.89240979393626,119.27738645608605,150,normal
Device_4,Maintenance,70.925684960074,40.09633404716407,98.18070547367157,200,normal
Device_4,ControlSignal,57.807803921483384,38.67455561191997,101.49944850589361,250,normal
Device_4,ControlSignal,54.82407874665795,63.979707557570755,148.04597239706195,250,normal
Device_8,SensorRead,54.090393639416796,50.45431606766103,103.3090255121995,150,normal
Device_4,Maintenance,83.46249275173282,45.544632882971406,114.63489279978856,200,normal
Device_3,Maintenance,68.95433851620555,16.43685771897251,63.66162655450974,250,normal
Device_7,SensorRead,36.12149987201889,42.1441464214556,206.62574997425457,100,anomaly
Device_9,SensorRead,100.0,49.57076652161136,145.04222374722286,250,anomaly
Device_9,SensorRead,23.97884531694522,31.859893003989676,80.61081240458805,200,normal
Device_5,ControlSignal,47.58304803497768,37.47784272122816,96.39547111514364,250,normal
Device_8,SensorRead,20.414003792484245,51.21865384176301,66.36284871300967,200,normal
Device_5,Maintenance,64.78493728222298,71.1112400462496,74.03077042067883,150,anomaly
Device_6,ControlSignal,10.0,35.70993667179834,175.04798174992857,100,anomaly
Device_4,ControlSignal,99.16694908441187,21.55675608321375,144.83496116182607,250,anomaly
Device_2,SensorRead,50.693790864398935,38.410774685437964,252.21716735085175,100,anomaly
Device_10,Maintenance,29.940593432096936,43.8060949224186,143.38465858827166,150,normal
Device_2,ControlSignal,81.71572649878695,41.46974730206343,135.40252697520512,250,normal
Device_5,SensorRead,52.16702865156418,44.03690411867661,102.84038622512948,150,normal
Device_10,SensorRead,72.43143779712102,34.45584495934549,138.85501969510932,150,normal
Device_2,ControlSignal,59.414743726300436,56.89075376158252,117.43031382057569,150,normal
Device_10,ControlSignal,24.53935063586237,58.92882251070988,74.71338495686905,150,normal
Device_9,SensorRead,46.924673227023604,31.065080589347616,188.72190465854086,150,anomaly
Device_10,Maintenance,17.286515720426088,87.0662280048999,172.8028404533026,200,anomaly
Device_3,SensorRead,64.4647782825832,39.1765899907557,134.27770374288284,200,normal
Device_1,ControlSignal,70.42244856758677,49.678233789250854,147.78022330017242,250,normal
Device_6,Maintenance,61.79161362510498,37.03992369539011,112.43633581732442,250,normal
Device_5,SensorRead,56.10183439294638,57.00655145300597,149.6778361140431,100,anomaly
Device_3,SensorRead,10.0,49.83851164794642,129.73680973593875,100,anomaly
Device_10,SensorRead,59.62582487108205,34.17222320366671,176.20563599930068,200,normal
Device_1,SensorRead,78.95052924245715,28.40683498264586,140.35261435622675,150,normal
Device_3,SensorRead,40.566865309174275,19.30572752816604,88.66413877050175,100,normal
Device_5,Maintenance,77.24786944765518,54.2968756806413,145.65427100486465,150,normal
Device_5,Maintenance,74.50191573695994,47.742674306724375,87.9259202388524,250,normal
Device_7,Maintenance,68.63845089347882,52.00614287841523,157.71456649067872,200,normal
Device_4,Maintenance,83.77826742949286,50.624557708015956,137.57241037707914,100,anomaly
Device_5,Maintenance,81.40300476632855,39.6021811112641,75.90626743861411,200,normal
Device_2,Maintenance,56.738660721124724,28.826460327903263,86.24108625128093,200,normal
Device_7,Maintenance,57.10962658568965,28.11370118500058,104.60192351804798,100,anomaly
Device_6,SensorRead,22.12770666092429,43.19940561059408,120.06027376811122,150,normal
Device_10,ControlSignal,43.658227378636184,49.88868502648607,166.87850688132792,100,anomaly
Device_5,SensorRead,27.848802712620518,28.559128321506787,81.54288251063508,250,normal
Device_2,ControlSignal,41.20193797782271,52.44212262897623,110.30869306135982,150,normal
Device_9,ControlSignal,54.70970317378779,9.942064533898698,151.77090151046133,100,anomaly
Device_5,SensorRead,35.21483210293055,40.89898945399492,133.86884689790958,150,normal
Device_10,Maintenance,87.21317191677302,20.36769401321332,20.0,250,anomaly
Device_8,SensorRead,63.6769908950739,67.0076677226628,181.94731764697187,200,normal
Device_1,Maintenance,64.19318830549251,32.62545721551929,160.35612983186553,250,normal
Device_2,ControlSignal,40.529076005910625,47.14536654034329,145.27350795833135,200,normal
Device_4,Maintenance,81.2041981499776,81.39490058366616,139.62079835893834,250,anomaly
Device_4,Maintenance,49.82072748585003,39.616385317120084,31.546204755544082,150,normal
Device_5,ControlSignal,46.105737378218834,33.86076342830344,93.79558010327037,250,normal
Device_3,SensorRead,63.04709744067444,27.66370101426699,176.05153336622357,100,anomaly
Device_1,Maintenance,60.00414129836394,39.860495182920786,103.6052641743541,100,anomaly
Device_4,Maintenance,63.10381367717958,52.37647397001452,76.64348921445497,250,normal
Device_8,ControlSignal,46.837670218494864,35.44410956835003,52.706453826339256,200,normal
Device_9,SensorRead,43.61484280557005,32.85668689683011,163.71945903563636,200,normal
Device_10,SensorRead,65.2512265800385,42.90384867051316,162.54489810839863,200,normal
Device_5,Maintenance,57.25256423201207,45.856972748933345,114.83891235337519,100,anomaly
Device_1,SensorRead,65.30724698799257,31.25862013582627,20.0,100,normal
Device_1,SensorRead,57.314416756273914,61.3412220414991,166.3107701120796,100,anomaly
Device_1,SensorRead,79.30794969182341,58.54196082709326,124.43287954807187,150,normal
Device_7,Maintenance,63.94631414811191,30.735221568484747,104.19635719864752,100,anomaly
Device_4,ControlSignal,72.31542299542284,58.05826655753224,113.02768621595003,250,normal
Device_4,Maintenance,50.99621470297177,40.00791938284896,150.06033744645575,150,anomaly
Device_5,Maintenance,31.122903677329163,5.557285702941428,92.47315752542082,200,normal
Device_4,ControlSignal,35.58575148171683,32.37789703529034,112.61098405912642,150,normal
Device_4,ControlSignal,50.93503181953973,61.787013017061184,136.33723823011601,200,normal
Device_5,ControlSignal,66.00948719221657,49.333107160651025,63.05834411096154,200,normal
Device_2,Maintenance,80.78223574840537,38.863535701968104,153.5240308620606,200,normal
Device_3,ControlSignal,38.56285533919689,16.693618509759034,160.89448290125142,200,normal
Device_5,SensorRead,67.52819052195034,26.469226684637345,76.51684593626528,100,normal
Device_4,ControlSignal,82.50869568829539,22.15882160699008,202.13364766279818,150,anomaly
Device_8,ControlSignal,41.98758530704262,49.57587888412574,103.56907621255077,100,anomaly
Device_1,SensorRead,72.06374862164687,31.83828996828711,111.86035469638529,100,anomaly
Device_10,Maintenance,60.818383507914426,24.96718816327791,157.0412172710063,250,normal
Device_3,Maintenance,49.73572867056829,36.571001269899725,70.28253126957438,200,normal
Device_3,Maintenance,10.0,37.13458356099746,240.6307710806458,250,normal
Device_1,SensorRead,75.69208575796048,39.71109430398408,106.85545853958662,200,normal
Device_4,Maintenance,60.449317856240924,48.20678672762815,60.95935923455776,100,normal
Device_1,SensorRead,82.28643389337745,50.73071973161866,155.90928628539672,200,normal
Device_5,SensorRead,68.76951477619454,40.294249865409846,153.643061798341,150,anomaly
Device_6,Maintenance,71.83628267482756,34.68938933588464,91.31991135515496,250,normal
Device_10,Maintenance,62.03712590523973,63.23530227242781,58.04464621730496,250,normal
Device_1,SensorRead,30.6494946849512,42.47141261854775,122.54438509280091,200,normal
Device_2,Maintenance,63.466833287408164,43.659297968627506,108.83988726825974,200,normal
Device_2,Maintenance,89.79726877204165,15.986440322852268,78.5751487609877,200,anomaly
Device_6,SensorRead,57.93490479701905,15.352167832687492,111.20727977839644,250,normal
Device_9,Maintenance,93.22940331456036,40.313297324439425,131.5350452859342,150,anomaly
Device_5,Maintenance,34.796704696548396,30.754578879407838,101.24018098380316,250,normal
Device_10,SensorRead,53.64569806487532,59.22465692505653,147.88455303625622,250,normal
Device_4,ControlSignal,37.77084086125936,43.697571676480074,144.91108742483925,200,normal
Device_2,SensorRead,82.80298077042534,63.708110298525604,69.24529040860656,250,normal
Device_9,ControlSignal,43.78284977579324,21.136332116280755,108.29900704465093,250,normal
Device_2,ControlSignal,69.32716748892669,54.81001774883653,116.20244881787386,200,normal
Device_9,SensorRead,53.60304953490312,42.27636988373111,78.24285491849885,200,normal
Device_9,SensorRead,100.0,15.88508459322912,129.23702894478623,100,anomaly
Device_6,SensorRead,100.0,40.10199766839997,110.49804824992528,200,anomaly
Device_5,ControlSignal,52.851091543791455,37.29412477356388,188.6424237338265,100,anomaly
Device_9,ControlSignal,15.762761773409864,63.00150551944488,48.80214237749274,150,normal
Device_7,ControlSignal,54.6669534153117,33.56133369552008,149.42766348853598,200,normal
Device_7,ControlSignal,28.03751296232505,46.93258999122914,221.21548116434263,100,anomaly
Device_10,Maintenance,32.73651990814379,42.84559251415593,86.90089111016954,100,normal
Device_9,SensorRead,68.51774412386072,40.28721666123628,87.92565454778452,150,normal
Device_6,Maintenance,69.75744569742147,67.06522164680115,110.45481041363507,200,normal
Device_8,ControlSignal,74.39515884296364,20.600905631932545,72.17818115909957,150,normal
Device_3,SensorRead,69.44812555760754,62.261740428039474,137.780667439283,100,anomaly
Device_3,ControlSignal,53.73883938953691,39.98937108135031,57.47961330151413,250,normal
Device_5,SensorRead,72.09030652710733,53.234995934851135,97.39548335834598,150,normal
Device_3,Maintenance,50.59915704480997,43.98817344478073,98.16401319797022,100,normal
Device_1,ControlSignal,58.67734770748355,71.49582683749773,107.64871496270017,100,anomaly
Device_3,SensorRead,52.83319695957556,30.286872915472614,157.20959857499685,100,anomaly
Device_3,ControlSignal,56.37551653563794,30.25940442517861,186.0652016136506,150,anomaly
Device_4,ControlSignal,88.39206009027274,30.993646513919423,26.673002431969195,200,anomaly
Device_10,SensorRead,80.15027379673845,29.73055261359994,159.53127995813844,250,normal
Device_1,Maintenance,20.597923645763288,53.38896007448964,59.44140353596094,250,normal
Device_3,Maintenance,74.61528238133049,40.21409601754651,72.30302903016775,100,normal
Device_9,Maintenance,51.85927374146439,50.294776854350516,125.29472265576172,150,normal
Device_3,SensorRead,71.68825960944969,69.64660876773229,41.78791941444743,100,normal
Device_2,ControlSignal,92.34425149937248,41.565339062848196,75.0607975838436,250,anomaly
Device_3,SensorRead,33.393727485220204,37.163194138344494,166.08250559622297,100,anomaly
Device_10,Maintenance,57.449017592449316,62.66732395371021,47.44121549742205,250,normal
Device_4,Maintenance,59.75822104307891,21.214098333803214,138.1815941312484,100,anomaly
Device_3,SensorRead,77.737747801946,33.6885730947842,20.0,250,normal
Device_5,Maintenance,63.97896293592989,46.55107827600264,140.21473774808487,200,normal
Device_2,ControlSignal,84.71564383644308,23.934194805264266,154.01080527252248,250,normal
Device_2,ControlSignal,83.8501502495595,13.321186239902246,135.98259129594885,200,normal
Device_10,SensorRead,49.91640337984657,38.77715990347531,137.38382417691682,150,normal
Device_10,Maintenance,50.255428717728954,29.864378812575822,121.70762087440123,200,normal
Device_3,Maintenance,38.25508122274395,23.71262306672222,153.96866414782517,250,normal
Device_4,SensorRead,37.02411929682688,49.994687513638176,143.12956464269757,150,normal
Device_7,Maintenance,25.483865424188068,29.836530214965173,179.7054701523686,200,normal
Device_8,Maintenance,40.37668937720637,33.033936065359185,143.1030446625948,100,anomaly
Device_6,ControlSignal,75.66781018565192,36.22691670933256,90.12449026541792,150,normal
Device_7,Maintenance,88.44739723397015,66.08349495696368,168.94290253908977,100,anomaly
Device_10,Maintenance,61.70636285130048,27.876014175386103,78.47777967217174,100,normal
Device_3,Maintenance,70.45028210531515,46.275973313330255,190.07992964732148,200,normal
Device_6,SensorRead,73.00900185072278,17.45379547360273,172.5973808861459,150,anomaly
Device_1,Maintenance,40.03878745371174,34.24043092071473,132.5100103125847,150,normal
Device_7,Maintenance,99.9133497956793,86.64877834008041,150.33615295680914,150,anomaly
Device_2,SensorRead,56.33606762559224,48.01758472720825,164.3827712936918,150,anomaly
Device_5,ControlSignal,53.586647488856165,66.92817033868484,131.5035379595701,250,normal
Device_3,ControlSignal,69.95486178182789,49.98886378081692,141.07933053072279,200,normal
Device_8,Maintenance,76.77881000939225,30.741202201796153,92.08491230269847,100,normal
Device_1,ControlSignal,37.996915340566105,46.59251845930339,158.9468251756057,150,anomaly
Device_10,SensorRead,69.15545732303772,65.11738650021306,119.72019905854768,250,normal
Device_8,SensorRead,73.37483311185025,23.624486857910284,100.64501487627994,150,normal
Device_9,ControlSignal,73.91075515131556,52.73653166114716,105.30165261679089,200,normal
Device_8,ControlSignal,58.56801496283866,17.23189379978786,102.14853995966953,200,normal
Device_7,Maintenance,77.80766327039572,48.628075241598495,145.0332860690605,150,normal
Device_2,ControlSignal,60.9954737436192,40.105947379422645,86.98394302632764,100,normal
Device_5,ControlSignal,73.9765684040507,46.314594165840845,144.60094239963996,100,anomaly
Device_2,ControlSignal,49.47930314664839,7.699856201931333,174.8576355876848,200,normal
Device_9,SensorRead,50.42325087983192,27.05836353935319,154.67394559569968,150,anomaly
Device_1,SensorRead,52.15974720161741,55.89904576069932,150.85029747883488,100,anomaly
Device_6,Maintenance,73.67138646400954,19.510664331991986,180.59719926932001,200,normal
Device_1,SensorRead,65.22501062467713,34.460842911306955,127.16942336711256,150,normal
Device_1,ControlSignal,24.475295342033604,46.12979217221006,68.53142459089642,100,normal
Device_9,ControlSignal,32.946594283129315,17.164612206731633,175.63441874949626,200,normal
Device_9,Maintenance,47.41473212614423,63.00591564874749,93.2099268473851,150,normal
Device_9,Maintenance,25.852840848141064,23.252133400770113,181.79058100034695,150,anomaly
Device_2,ControlSignal,56.88203644126665,31.775690552640988,128.0009112926394,100,anomaly
Device_1,Maintenance,70.0356547233509,56.76098223853691,192.4249614946463,200,normal
Device_3,SensorRead,52.80462708421828,20.109284708769426,99.3267419438362,200,normal
Device_3,SensorRead,65.20561013165772,25.543616106840837,72.14245425524786,100,normal
Device_10,Maintenance,66.87575763099771,39.270214726443236,121.63984977057933,150,normal
Device_7,Maintenance,44.83009330599861,36.54398928691349,73.78834278658478,250,normal
Device_9,SensorRead,77.80396822249574,55.52874002085629,27.690606888095303,150,normal
Device_5,ControlSignal,41.4097827961518,17.552061173648813,87.49880327965509,150,normal
Device_9,Maintenance,58.331240604192786,18.25532170452205,73.90700934373434,150,normal
Device_5,Maintenance,39.92085255837003,43.10900994098416,123.46721685181252,200,normal
Device_7,Maintenance,45.565248933254935,42.65231308209097,92.66599577063673,100,normal
Device_4,SensorRead,54.56689779347894,65.10178135447805,187.0230525895174,200,normal
Device_1,ControlSignal,34.00837526144805,52.44598626818762,160.5698277245796,200,normal
Device_5,SensorRead,37.034734224947634,52.28166465632291,196.89659592062765,250,normal
Device_5,Maintenance,37.549103875111726,26.237457684786044,170.88307334217512,250,normal
Device_8,ControlSignal,65.42990621651296,48.27214412859285,137.02946082002484,150,normal
Device_10,SensorRead,67.81391841856288,20.102918075333754,172.3658853310724,100,anomaly
Device_8,Maintenance,83.39179984855548,36.559138838979585,117.82615250930688,100,anomaly
Device_5,Maintenance,29.377849948885558,47.71382134026752,148.6028720857072,250,normal
Device_5,SensorRead,58.75617966001378,56.86530039805754,103.29613845100297,250,normal
Device_10,ControlSignal,71.29211851787201,24.705034919618264,118.8223924562881,100,anomaly
Device_6,ControlSignal,56.512914841943285,43.37961883061412,101.52365355833207,250,normal
Device_6,SensorRead,57.37054808656664,52.3907075716226,98.16178813808912,100,normal
Device_5,ControlSignal,27.868457985226414,66.24375856308131,189.07270393452433,200,normal
Device_2,ControlSignal,34.154746097887625,50.34561707867792,94.85126147243284,150,normal
Device_5,Maintenance,65.26974430662119,44.4133619352024,108.2796099841839,200,normal
Device_6,SensorRead,44.32468668827207,29.64188421525611,74.19040422593787,150,normal
Device_2,SensorRead,43.363555835391104,38.99232564925967,84.21200054446241,100,normal
Device_7,ControlSignal,73.64104131425239,62.30869233003891,90.99733793149785,200,normal
Device_1,Maintenance,64.78809001070753,47.49527665454401,143.60011354596372,200,normal
Device_1,Maintenance,61.519105358321745,51.140236275395836,144.11244763403286,150,normal
Device_6,ControlSignal,35.24675155345405,53.0373409658391,164.3645418633371,100,anomaly
Device_5,ControlSignal,44.73427791642837,40.56906753171403,154.16644964055348,150,anomaly
Device_3,Maintenance,55.81372360841277,56.09467071649018,238.19362473096805,100,anomaly
Device_10,Maintenance,44.28027934730035,19.284330952693377,135.19092978024378,150,normal
Device_10,SensorRead,74.43125010252287,36.53700439232846,192.66303316605172,100,anomaly
Device_4,Maintenance,33.227884005535024,50.393779345474165,89.70695896205532,150,normal
Device_5,SensorRead,94.38755812414593,69.88773029752177,81.66717061083261,150,anomaly
Device_4,ControlSignal,49.0088572818284,52.89381830469703,100.64346751052426,200,normal
Device_1,Maintenance,59.091775641355234,40.38082630813615,24.016342190117186,200,normal
Device_10,Maintenance,59.723245078115255,29.654083389037392,95.3438588800114,100,normal
Device_7,Maintenance,88.87264006937627,21.152396585811154,160.66025933739886,200,anomaly
Device_10,ControlSignal,54.420741393363826,35.80359747256249,159.51859480258557,150,anomaly
Device_3,ControlSignal,66.8010258913778,48.55919495829296,168.40923302664305,200,normal
Device_7,ControlSignal,53.37383233633354,30.816448982383747,65.7424736721101,250,normal
Device_4,SensorRead,43.4917894004209,84.23641637963088,182.23397903683934,100,anomaly
Device_4,ControlSignal,32.978512675839575,20.163130648846447,144.09330308592456,250,normal
Device_4,SensorRead,70.94529594755934,48.233257529760465,107.25221032231511,250,normal
Device_3,Maintenance,57.490914799942,44.91819286239036,124.29465031466653,150,normal
Device_3,SensorRead,15.6139925450493,36.553005541372094,77.42967828698431,250,normal
Device_4,ControlSignal,63.50422837817024,84.77888503905115,138.37408327371523,200,anomaly
Device_5,ControlSignal,53.72940627655204,53.827022529658784,144.13439436046065,100,anomaly
Device_4,Maintenance,68.40188980903683,49.10275889823507,222.82717824147707,100,anomaly
Device_9,ControlSignal,37.38223129348169,47.104481152171815,73.68094350092308,200,normal
Device_4,Maintenance,71.11025292684496,26.219702327708582,99.13165931974578,250,normal
Device_7,Maintenance,54.09820171524187,54.63725079017064,165.9227221971207,150,anomaly
Device_4,SensorRead,35.08565247107231,40.824011664997734,84.52100726254136,100,normal
Device_7,ControlSignal,34.82990178649331,36.74474424363444,104.57586057720901,100,anomaly
Device_5,SensorRead,100.0,46.49439738041044,51.11912496228814,250,anomaly
Device_1,ControlSignal,48.704519916581155,55.32074943144097,224.42213864349625,250,normal
Device_9,Maintenance,28.280333755240832,11.801134222914325,213.5482587685891,200,anomaly
Device_8,SensorRead,67.79228354741808,26.975609021854503,146.73145430612178,100,anomaly
Device_2,Maintenance,10.0,40.050632598957414,136.39105864215426,150,normal
Device_6,ControlSignal,78.4854027907566,24.791560715611936,124.28435807016795,250,normal
Device_9,Maintenance,41.49150747880825,43.830756335114756,75.2326838818488,250,normal
Device_2,SensorRead,51.837983216795585,25.062769078146566,152.55681209118285,100,anomaly
Device_8,Maintenance,77.16902233313331,36.480691450638794,121.91189974800142,100,anomaly
Device_1,SensorRead,31.02817170732912,35.50485027989819,117.48976914791277,150,normal
Device_4,SensorRead,100.0,23.320494613387545,193.20886193762186,100,anomaly
Device_4,Maintenance,79.93717546931616,44.20954606735204,207.93102420975669,200,anomaly
Device_7,ControlSignal,67.44210945213726,45.83738793501893,117.34396734912274,150,normal
Device_1,Maintenance,84.47137764837255,56.447038507163256,88.71613562518938,150,normal
Device_10,SensorRead,33.61505610802465,36.955290439065145,79.99807178011767,100,normal
Device_8,Maintenance,58.7295085076929,58.56157202026209,97.1349172456605,150,normal
Device_9,Maintenance,59.1435323737685,40.87034102212593,162.42154411026422,250,normal
Device_3,Maintenance,15.062213320307897,30.89949557852055,130.56418461397362,100,anomaly
Device_9,ControlSignal,84.00157912853723,32.621463287406925,26.17236469790629,100,normal
Device_4,ControlSignal,72.39422891932273,30.46956416761556,60.51666704548194,250,normal
Device_8,Maintenance,47.51309220573552,37.232119635162256,89.76276677308937,200,normal
Device_9,Maintenance,15.888678858018615,53.45599295330698,183.7437520639361,250,normal
Device_4,ControlSignal,73.03043982679011,22.93471494362775,109.9254233026241,200,normal
Device_9,SensorRead,59.869573695410836,48.98191584342865,153.41702443590404,150,anomaly
Device_10,Maintenance,45.31652402443008,41.22993334620341,142.86402023076207,100,anomaly
Device_2,ControlSignal,89.11644644293533,50.56759809737085,159.45283436877594,250,anomaly
Device_3,SensorRead,61.67653255858722,61.15688717805256,140.48813979797487,150,normal
Device_5,ControlSignal,42.77824179652859,61.050549551877864,154.8951636269514,250,normal
Device_9,SensorRead,51.13911957743035,32.80760548901135,134.8287772570381,100,anomaly
Device_3,SensorRead,69.2636959053517,42.9593839844681,135.56543367214425,100,anomaly
Device_8,SensorRead,93.99914749152761,56.073147283523284,129.5317795632512,100,anomaly
Device_10,Maintenance,78.82621161534966,24.512141447086908,139.89635249734044,100,anomaly
Device_10,SensorRead,96.1861269946622,36.729311569114394,77.61830356904576,200,anomaly
Device_5,Maintenance,46.95822222813879,23.655504439864174,80.76190459361483,250,normal
Device_8,Maintenance,52.58983802819942,18.916494712320368,120.78091669748015,100,anomaly
Device_1,Maintenance,78.04554347573294,26.383657297796194,195.96419618208844,150,anomaly
Device_7,SensorRead,70.21584177055189,55.45870878436086,87.10827230739315,150,normal
Device_9,Maintenance,77.09050454133231,23.620991494070303,164.51237504182544,200,normal
Device_10,ControlSignal,63.436786795870624,48.29876829977175,61.22026971875742,150,normal
Device_5,SensorRead,42.09860315446791,48.958423273800776,72.58259978878996,250,normal
Device_1,Maintenance,69.26412584198246,19.492932903096314,162.4087106333334,250,normal
Device_10,SensorRead,35.34953370462982,48.28449906519285,151.28154668230005,250,normal
Device_10,ControlSignal,46.064563631408504,48.7303985062709,133.0221131666778,200,normal
Device_2,SensorRead,49.22316287614524,24.871679738856876,21.868715416371046,150,normal
Device_3,Maintenance,66.99300094599387,16.52795842956917,124.76720997206542,150,normal
Device_7,ControlSignal,54.73103567835502,50.18714163157293,104.89772502550679,250,normal
Device_10,ControlSignal,53.411044273058174,50.97806056432444,136.75290145420587,200,normal
Device_3,Maintenance,66.32311914365556,47.03901384712789,43.221393839644705,250,normal
Device_7,ControlSignal,75.13577359973964,49.187031910204034,69.16584357117515,100,normal
Device_3,Maintenance,55.118390526515974,39.41039068558553,113.27516077991336,200,normal
Device_10,Maintenance,66.67719933137069,61.47050172746775,174.08833638364143,200,normal
Device_7,Maintenance,33.75561613137187,49.33104985459073,186.44666597677048,150,anomaly
Device_2,Maintenance,67.73617041378405,56.3647063777895,220.61352228503824,150,anomaly
Device_7,ControlSignal,80.47419092213963,43.739628934625934,172.25442370423767,250,normal
Device_2,SensorRead,62.89775666193783,40.35854564927433,102.42928821431337,150,normal
Device_4,SensorRead,91.26826717664215,27.723570010869977,196.6183862339058,150,anomaly
Device_6,Maintenance,69.99728247480743,19.01040737797088,138.3824646495711,200,normal
Device_6,Maintenance,17.99946984696752,49.382620252465536,164.26157414944956,250,normal
Device_3,ControlSignal,48.152880886958926,41.85321543933374,217.7078716875143,150,anomaly
Device_7,Maintenance,49.88506591476127,24.11638619415099,194.08317012312995,150,anomaly
Device_8,SensorRead,99.25174381061589,40.05543507771771,170.5731517704178,250,anomaly
Device_8,SensorRead,86.82951831061763,28.86273651192424,95.73470823160659,150,anomaly
Device_8,ControlSignal,84.6174902630947,65.27521418062764,148.14404300871774,100,anomaly
Device_2,Maintenance,42.403712929958914,69.80591667549162,93.45145510940178,150,normal
Device_1,ControlSignal,53.297244376570966,45.135067517344325,197.7080210357387,250,normal
Device_5,SensorRead,77.07951953104447,46.222982505428654,143.1644265059053,250,normal
Device_1,Maintenance,60.87029337286932,48.37209271777759,20.0,150,normal
Device_2,ControlSignal,54.06785081860403,43.61982902375171,62.44929581902465,100,normal
Device_8,Maintenance,67.7264663562312,36.932931685208175,207.7737849157745,150,anomaly
Device_1,Maintenance,91.46039450429713,33.012916463227555,112.45811442166523,150,anomaly
Device_4,Maintenance,58.52104868783215,33.22510785760566,129.75124920140632,250,normal
Device_9,Maintenance,44.834358622248196,23.040769975937106,151.13556119501342,250,normal
Device_8,Maintenance,72.59059168443622,27.935263605100115,164.76777153812998,100,anomaly
Device_7,Maintenance,47.368445416693376,43.797478570569716,161.0172006306228,100,anomaly
Device_6,ControlSignal,59.32774870592574,46.821113682117016,94.17851780562141,150,normal
Device_6,Maintenance,56.07066833143806,36.9121085367949,82.67108267298806,150,normal
Device_9,Maintenance,56.464516737684356,16.7707255170438,95.44231264289476,100,normal
Device_1,ControlSignal,54.302490132606586,36.1573037125693,107.92512770646105,250,normal
Device_5,SensorRead,58.76471600279742,47.19162277129096,163.72585370662614,200,normal
Device_2,Maintenance,47.00469546303466,21.951987169162834,67.89777938784485,200,normal
Device_4,Maintenance,50.255941576101456,34.72118023275236,81.50019669012713,100,normal
Device_6,ControlSignal,34.07766671500211,33.15818758788718,129.07133100569857,250,normal
Device_7,ControlSignal,71.90058931671129,31.638654203375182,99.3501088928283,250,normal
Device_7,SensorRead,41.466033823053785,39.528412444378354,77.57856829045927,250,normal
Device_7,Maintenance,71.462556264824,13.212002620988333,102.01851637737688,200,normal
Device_10,ControlSignal,66.02214678383484,42.757517744837564,254.65168319902483,150,anomaly
Device_4,ControlSignal,66.99600049135815,24.939181047369846,115.22678764554635,150,normal
Device_2,ControlSignal,24.475073330670966,38.791003760548584,78.34719714996206,100,normal
Device_6,Maintenance,78.30780551120324,31.756895881066974,114.16170421023767,250,normal
Device_6,Maintenance,47.288843171911935,66.08277027779997,103.93786169410441,250,normal
Device_5,ControlSignal,96.65114086958403,52.212276431774,144.1033363667693,250,anomaly
Device_3,SensorRead,67.3746629463504,45.906959473243774,23.6163710327195,250,normal
Device_4,Maintenance,54.42233211698487,52.67736956776483,117.55514082629472,250,normal
Device_4,ControlSignal,31.8962030639285,39.213933241337955,205.20527581277457,100,anomaly
Device_7,SensorRead,84.93783431069438,39.069939859509525,167.57246385290432,100,anomaly
Device_2,Maintenance,52.669859592638964,14.441926197599216,73.77670059352228,200,normal
Device_8,Maintenance,91.25777537016396,35.89010377256044,107.8308010312491,150,anomaly
Device_8,SensorRead,54.00323607450239,68.56204884359511,201.29794576810315,250,normal
Device_4,SensorRead,100.0,37.61432184399923,134.78122443735475,200,anomaly
Device_9,ControlSignal,29.66714901158418,62.15401639177412,61.61102243660325,250,normal
Device_4,Maintenance,64.33551127525259,23.54046208550734,90.55665866306519,100,normal
Device_3,ControlSignal,43.254751379005995,30.881871089862734,93.04386484255107,200,normal
Device_4,Maintenance,49.03462410149846,52.50000867670461,64.75686034687399,150,normal
Device_8,ControlSignal,64.41082854027734,58.269387284583374,94.3401817743302,250,normal
Device_4,Maintenance,45.641622185047964,36.542130622296234,178.9862604180355,100,anomaly
Device_3,ControlSignal,63.882152619067156,32.03178558088602,144.19383255940198,150,normal
Device_4,ControlSignal,37.95415700327153,50.22039265664422,140.43036538508838,100,anomaly
Device_10,ControlSignal,53.84383057722232,27.421213023291536,75.66595388582714,100,normal
Device_4,ControlSignal,70.69634672691821,58.434707537335925,88.13461264856026,100,normal
Device_2,ControlSignal,69.16773407102968,8.694594720968968,90.76911346714002,200,normal
Device_7,SensorRead,59.37882134258196,26.354748745272495,73.1746812605202,250,normal
Device_3,ControlSignal,46.64440887062227,44.3828909248956,110.63354907968126,150,normal
Device_9,SensorRead,15.235375333500556,8.189497710474008,89.65674110714123,200,normal
Device_3,ControlSignal,69.15373172107104,5.0,95.01349119241847,200,normal
Device_6,SensorRead,49.475042869651574,60.82506667312671,100.74890941435682,250,normal
Device_6,SensorRead,67.65977969481857,42.118857101311946,20.0,100,normal
Device_5,Maintenance,75.36414433263475,43.23094758184432,145.41343198372948,200,normal
Device_2,ControlSignal,100.0,8.738305907521173,206.23483248805542,150,anomaly
Device_9,ControlSignal,54.25104961199289,44.30993356604514,117.72438773493789,250,normal
Device_3,ControlSignal,51.51527333203913,31.45250607641862,136.47543677865045,150,normal
Device_2,ControlSignal,29.656526066566418,51.258687512826484,99.19027975573731,250,normal
Device_3,ControlSignal,37.398613219192846,33.24980713006279,182.85746084312865,200,normal
Device_3,SensorRead,49.29329825967554,45.3768042731443,83.45218621422634,250,normal
Device_8,ControlSignal,75.1584369984724,50.282616081853064,212.4304416648206,150,anomaly
Device_2,ControlSignal,56.48872109001569,50.0298220713686,124.90337697694723,200,normal
Device_5,SensorRead,85.91743563726028,29.217514185869042,157.25026564386405,100,anomaly
Device_10,SensorRead,56.106054077666364,39.037177343372534,124.58762422241864,200,normal
Device_9,SensorRead,65.04480792853354,38.256564353170624,130.73565915852632,200,normal
Device_8,Maintenance,91.56236115124369,54.78174528422828,163.45772962484483,150,anomaly
Device_6,Maintenance,50.889209479522584,26.661387576575137,167.76502791188764,250,normal
Device_6,ControlSignal,77.52093585059589,62.090060136264725,89.80096870153852,100,normal
Device_7,ControlSignal,55.40902689279306,15.407737562118488,100.37644469695636,150,normal
Device_6,SensorRead,79.93141021158894,33.002569311577034,152.0239897600412,100,anomaly
Device_4,Maintenance,56.18993788004377,44.86085542332341,62.61543050921664,150,normal
Device_3,Maintenance,61.70418899267802,5.0,110.65519209190076,100,anomaly
Device_6,ControlSignal,27.3905351256972,58.08991774820224,158.87036763822556,200,normal
Device_2,ControlSignal,69.33341963932162,62.815093407390705,72.55417395875813,100,normal
Device_1,ControlSignal,94.94726395831117,53.98287346390577,108.1722356390527,100,anomaly
Device_8,SensorRead,82.71240294365889,23.40559731382549,78.77429192361632,150,normal
Device_1,SensorRead,47.828205535205996,32.06533437903977,67.17211786198736,150,normal
Device_6,Maintenance,84.4616613419065,36.117183994452525,137.62524841784398,150,normal
Device_1,ControlSignal,48.592972671726386,12.690950491772242,133.50286791957112,150,normal
Device_2,Maintenance,21.75490049160446,38.97048930871797,51.58424805835948,250,normal
Device_9,SensorRead,99.74551998461615,53.67044083262083,125.28768956357402,100,anomaly
Device_10,SensorRead,85.27413355309338,27.305260338013962,147.17396893350465,250,anomaly
Device_2,SensorRead,63.99620867437427,43.96030122000505,183.61767500533838,100,anomaly
Device_9,Maintenance,74.64984205559604,44.330854942375346,37.25562818858519,150,normal
Device_2,SensorRead,40.79907409441073,38.15936599606414,124.66861871383256,100,anomaly
Device_8,ControlSignal,37.39592550652152,76.17515013367631,195.81970276267865,100,anomaly
Device_1,Maintenance,72.04236640784967,41.08055291925617,109.38955150494242,150,normal
Device_2,ControlSignal,40.96163079955529,41.16220777778294,132.88762700713752,100,anomaly
Device_6,Maintenance,35.16478849036751,45.01264625867346,112.23704755876255,150,normal
